<?xml version="1.0" encoding="UTF-8"?>
<project-private xmlns="http://www.netbeans.org/ns/project-private/1">
    <editor-bookmarks xmlns="http://www.netbeans.org/ns/editor-bookmarks/2" lastBookmarkId="0"/>
    <open-files xmlns="http://www.netbeans.org/ns/projectui-open-files/2">
        <group>
            <file>file:/C:/Users/Lulit/Documents/NetBeansProjects/Reception_Demo/src/reception_demo/Container.java</file>
            <file>file:/C:/Users/Lulit/Documents/NetBeansProjects/Reception_Demo/src/reception_demo/VIP_register.java</file>
            <file>file:/C:/Users/Lulit/Documents/NetBeansProjects/Reception_Demo/src/reception_demo/Guest_Iterator.java</file>
            <file>file:/C:/Users/Lulit/Documents/NetBeansProjects/Reception_Demo/src/reception_demo/Reception.java</file>
            <file>file:/C:/Users/Lulit/Documents/NetBeansProjects/Reception_Demo/src/reception_demo/Reception_Gui.java</file>
            <file>file:/C:/Users/Lulit/Documents/NetBeansProjects/Reception_Demo/src/reception_demo/Guest_Repo.java</file>
            <file>file:/C:/Users/Lulit/Documents/NetBeansProjects/Reception_Demo/src/reception_demo/Reception_Demo.java</file>
            <file>file:/C:/Users/Lulit/Documents/NetBeansProjects/Reception_Demo/src/reception_demo/Decorator.java</file>
            <file>file:/C:/Users/Lulit/Documents/NetBeansProjects/Reception_Demo/src/reception_demo/Iterator.java</file>
            <file>file:/C:/Users/Lulit/Documents/NetBeansProjects/Reception_Demo/src/reception_demo/Regular_Register.java</file>
            <file>file:/C:/Users/Lulit/Documents/NetBeansProjects/Reception_Demo/src/reception_demo/Report_Page.java</file>
            <file>file:/C:/Users/Lulit/Documents/NetBeansProjects/Reception_Demo/src/reception_demo/Emp_Factory.java</file>
            <file>file:/C:/Users/Lulit/Documents/NetBeansProjects/Reception_Demo/src/reception_demo/Emp_Decorator.java</file>
        </group>
    </open-files>
</project-private>
