<?xml version="1.0" encoding="UTF-8"?>
<project-private xmlns="http://www.netbeans.org/ns/project-private/1">
    <editor-bookmarks xmlns="http://www.netbeans.org/ns/editor-bookmarks/2" lastBookmarkId="0"/>
    <open-files xmlns="http://www.netbeans.org/ns/projectui-open-files/2">
        <group>
            <file>file:/C:/Users/hp/Documents/NetBeansProjects/Question2/src/question2/Products.java</file>
            <file>file:/C:/Users/hp/Documents/NetBeansProjects/Question2/src/question2/View.java</file>
            <file>file:/C:/Users/hp/Documents/NetBeansProjects/Question2/src/question2/EVGui.java</file>
            <file>file:/C:/Users/hp/Documents/NetBeansProjects/Question2/src/question2/EV.java</file>
            <file>file:/C:/Users/hp/Documents/NetBeansProjects/Question2/src/question2/ViewGui.java</file>
            <file>file:/C:/Users/hp/Documents/NetBeansProjects/Question2/src/question2/LoginGui.java</file>
            <file>file:/C:/Users/hp/Documents/NetBeansProjects/Question2/src/question2/Transition.java</file>
            <file>file:/C:/Users/hp/Documents/NetBeansProjects/Question2/src/question2/ProductsClass.java</file>
            <file>file:/C:/Users/hp/Documents/NetBeansProjects/Question2/src/question2/CV.java</file>
            <file>file:/C:/Users/hp/Documents/NetBeansProjects/Question2/src/question2/CVGui.java</file>
        </group>
    </open-files>
</project-private>
